{
  "Open URL_3" : {
    "transaction" : "Open URL_3",
    "sampleCount" : 5,
    "errorCount" : 0,
    "errorPct" : 0.0,
    "meanResTime" : 786.8,
    "medianResTime" : 717.0,
    "minResTime" : 630.0,
    "maxResTime" : 1118.0,
    "pct1ResTime" : 1118.0,
    "pct2ResTime" : 1118.0,
    "pct3ResTime" : 1118.0,
    "throughput" : 0.580046403712297,
    "receivedKBytesPerSec" : 6.02534530887471,
    "sentKBytesPerSec" : 0.7290231656032483
  },
  "Open URL_2" : {
    "transaction" : "Open URL_2",
    "sampleCount" : 10,
    "errorCount" : 0,
    "errorPct" : 0.0,
    "meanResTime" : 721.6999999999999,
    "medianResTime" : 684.0,
    "minResTime" : 641.0,
    "maxResTime" : 1123.0,
    "pct1ResTime" : 1083.5,
    "pct2ResTime" : 1123.0,
    "pct3ResTime" : 1123.0,
    "throughput" : 1.0312467773538208,
    "receivedKBytesPerSec" : 10.712277315149016,
    "sentKBytesPerSec" : 1.247768317520883
  },
  "EnterURL_1" : {
    "transaction" : "EnterURL_1",
    "sampleCount" : 15,
    "errorCount" : 0,
    "errorPct" : 0.0,
    "meanResTime" : 595.0,
    "medianResTime" : 558.0,
    "minResTime" : 507.0,
    "maxResTime" : 993.0,
    "pct1ResTime" : 848.4000000000001,
    "pct2ResTime" : 993.0,
    "pct3ResTime" : 993.0,
    "throughput" : 2.886836027713626,
    "receivedKBytesPerSec" : 15.967811778290994,
    "sentKBytesPerSec" : 1.671771254330254
  },
  "Search-01" : {
    "transaction" : "Search-01",
    "sampleCount" : 15,
    "errorCount" : 0,
    "errorPct" : 0.0,
    "meanResTime" : 595.0,
    "medianResTime" : 558.0,
    "minResTime" : 507.0,
    "maxResTime" : 993.0,
    "pct1ResTime" : 848.4000000000001,
    "pct2ResTime" : 993.0,
    "pct3ResTime" : 993.0,
    "throughput" : 2.937720329024677,
    "receivedKBytesPerSec" : 16.249265569917743,
    "sentKBytesPerSec" : 1.7012384327262045
  },
  "Select item-07" : {
    "transaction" : "Select item-07",
    "sampleCount" : 10,
    "errorCount" : 0,
    "errorPct" : 0.0,
    "meanResTime" : 138.4,
    "medianResTime" : 140.0,
    "minResTime" : 125.0,
    "maxResTime" : 149.0,
    "pct1ResTime" : 148.9,
    "pct2ResTime" : 149.0,
    "pct3ResTime" : 149.0,
    "throughput" : 1.1749500646222537,
    "receivedKBytesPerSec" : 4.370837188638233,
    "sentKBytesPerSec" : 0.805024380213841
  },
  "Open URL-1" : {
    "transaction" : "Open URL-1",
    "sampleCount" : 5,
    "errorCount" : 0,
    "errorPct" : 0.0,
    "meanResTime" : 643.2,
    "medianResTime" : 568.0,
    "minResTime" : 503.0,
    "maxResTime" : 993.0,
    "pct1ResTime" : 993.0,
    "pct2ResTime" : 993.0,
    "pct3ResTime" : 993.0,
    "throughput" : 0.5949547834364588,
    "receivedKBytesPerSec" : 3.290843645882913,
    "sentKBytesPerSec" : 0.35848349744169444
  },
  "Open URL-2" : {
    "transaction" : "Open URL-2",
    "sampleCount" : 5,
    "errorCount" : 0,
    "errorPct" : 0.0,
    "meanResTime" : 143.6,
    "medianResTime" : 146.0,
    "minResTime" : 125.0,
    "maxResTime" : 171.0,
    "pct1ResTime" : 171.0,
    "pct2ResTime" : 171.0,
    "pct3ResTime" : 171.0,
    "throughput" : 0.6634819532908705,
    "receivedKBytesPerSec" : 3.222163821987792,
    "sentKBytesPerSec" : 0.43411416865711255
  },
  "Total" : {
    "transaction" : "Total",
    "sampleCount" : 75,
    "errorCount" : 0,
    "errorPct" : 0.0,
    "meanResTime" : 323.1066666666665,
    "medianResTime" : 148.0,
    "minResTime" : 122.0,
    "maxResTime" : 993.0,
    "pct1ResTime" : 586.8000000000001,
    "pct2ResTime" : 800.2000000000007,
    "pct3ResTime" : 993.0,
    "throughput" : 7.559721802237678,
    "receivedKBytesPerSec" : 35.629027914272754,
    "sentKBytesPerSec" : 4.786051998286464
  },
  "Select Product-06" : {
    "transaction" : "Select Product-06",
    "sampleCount" : 10,
    "errorCount" : 0,
    "errorPct" : 0.0,
    "meanResTime" : 141.10000000000002,
    "medianResTime" : 144.0,
    "minResTime" : 127.0,
    "maxResTime" : 155.0,
    "pct1ResTime" : 154.3,
    "pct2ResTime" : 155.0,
    "pct3ResTime" : 155.0,
    "throughput" : 1.1757789535567313,
    "receivedKBytesPerSec" : 4.5936902924750145,
    "sentKBytesPerSec" : 0.817648625808348
  },
  "Open URL-03" : {
    "transaction" : "Open URL-03",
    "sampleCount" : 10,
    "errorCount" : 0,
    "errorPct" : 0.0,
    "meanResTime" : 138.4,
    "medianResTime" : 141.0,
    "minResTime" : 125.0,
    "maxResTime" : 148.0,
    "pct1ResTime" : 147.9,
    "pct2ResTime" : 148.0,
    "pct3ResTime" : 148.0,
    "throughput" : 1.177440244907571,
    "receivedKBytesPerSec" : 5.718174158130225,
    "sentKBytesPerSec" : 0.742799217002237
  },
  "Open URL-02" : {
    "transaction" : "Open URL-02",
    "sampleCount" : 10,
    "errorCount" : 0,
    "errorPct" : 0.0,
    "meanResTime" : 583.3000000000001,
    "medianResTime" : 547.5,
    "minResTime" : 501.0,
    "maxResTime" : 993.0,
    "pct1ResTime" : 951.8000000000002,
    "pct2ResTime" : 993.0,
    "pct3ResTime" : 993.0,
    "throughput" : 1.0698619878035733,
    "receivedKBytesPerSec" : 5.917674120038515,
    "sentKBytesPerSec" : 0.6195587487964053
  },
  "Select Category-04" : {
    "transaction" : "Select Category-04",
    "sampleCount" : 10,
    "errorCount" : 0,
    "errorPct" : 0.0,
    "meanResTime" : 136.2,
    "medianResTime" : 135.5,
    "minResTime" : 122.0,
    "maxResTime" : 157.0,
    "pct1ResTime" : 156.0,
    "pct2ResTime" : 157.0,
    "pct3ResTime" : 157.0,
    "throughput" : 1.1761938367442955,
    "receivedKBytesPerSec" : 4.519157257115972,
    "sentKBytesPerSec" : 0.777046025935074
  },
  "Select Item_2" : {
    "transaction" : "Select Item_2",
    "sampleCount" : 10,
    "errorCount" : 0,
    "errorPct" : 0.0,
    "meanResTime" : 138.4,
    "medianResTime" : 140.0,
    "minResTime" : 125.0,
    "maxResTime" : 149.0,
    "pct1ResTime" : 148.9,
    "pct2ResTime" : 149.0,
    "pct3ResTime" : 149.0,
    "throughput" : 1.1748120300751879,
    "receivedKBytesPerSec" : 4.370323697427161,
    "sentKBytesPerSec" : 0.8049298049812029
  },
  "Select Category_2" : {
    "transaction" : "Select Category_2",
    "sampleCount" : 10,
    "errorCount" : 0,
    "errorPct" : 0.0,
    "meanResTime" : 136.2,
    "medianResTime" : 135.5,
    "minResTime" : 122.0,
    "maxResTime" : 157.0,
    "pct1ResTime" : 156.0,
    "pct2ResTime" : 157.0,
    "pct3ResTime" : 157.0,
    "throughput" : 1.1761938367442955,
    "receivedKBytesPerSec" : 4.519157257115972,
    "sentKBytesPerSec" : 0.777046025935074
  },
  "Select Product_2" : {
    "transaction" : "Select Product_2",
    "sampleCount" : 10,
    "errorCount" : 0,
    "errorPct" : 0.0,
    "meanResTime" : 141.10000000000002,
    "medianResTime" : 144.0,
    "minResTime" : 127.0,
    "maxResTime" : 155.0,
    "pct1ResTime" : 154.3,
    "pct2ResTime" : 155.0,
    "pct3ResTime" : 155.0,
    "throughput" : 1.1759172154280337,
    "receivedKBytesPerSec" : 4.594230472424742,
    "sentKBytesPerSec" : 0.817744774517874
  }
}